{"base_files_url": "https://raw.githubusercontent.com/ajgowans/manuals-db-poc/cdf0aad23282610333e7d7aad0437b68dccf1d08/", "db_id": "ajgowans/manuals-db-poc", "db_url": "https://raw.githubusercontent.com/ajgowans/manuals-db-poc/db/db.json.zip", "files": {"|docs/AVision/Adventure Vision Game Manuals DB/Defender_-_1982_-_Entex_Industries_Inc.pdf": {"hash": "03d2e7a596fbb9da191fb080bdad299a", "size": 292332, "tags": [22, 23, 24, 23], "url": "https://archive.org/download/mister-manuals-db-poc2/AVision/Adventure%20Vision%20Game%20Manuals%20DB/Defender_-_1982_-_Entex_Industries_Inc.pdf"}, "|docs/AVision/Adventure Vision Game Manuals DB/Space_Force_-_1982_-_Entex_Industries_Inc.pdf": {"hash": "f04ade40861357b74bfd87a563695d19", "size": 315409, "tags": [22, 23, 24, 23], "url": "https://archive.org/download/mister-manuals-db-poc2/AVision/Adventure%20Vision%20Game%20Manuals%20DB/Space_Force_-_1982_-_Entex_Industries_Inc.pdf"}, "|docs/AVision/Adventure Vision Game Manuals DB/Super_Cobra_-_1982_-_Entex_Industries_Inc.pdf": {"hash": "983bb8425e4f3801f556e2514abc6332", "size": 348985, "tags": [22, 23, 24, 23], "url": "https://archive.org/download/mister-manuals-db-poc2/AVision/Adventure%20Vision%20Game%20Manuals%20DB/Super_Cobra_-_1982_-_Entex_Industries_Inc.pdf"}, "|docs/AVision/Adventure Vision Game Manuals DB/Turtles_-_1982_-_Entex_Industries_Inc.pdf": {"hash": "38d8cf8b12a232750f5b5dba4895eb51", "size": 387422, "tags": [22, 23, 24, 23], "url": "https://archive.org/download/mister-manuals-db-poc2/AVision/Adventure%20Vision%20Game%20Manuals%20DB/Turtles_-_1982_-_Entex_Industries_Inc.pdf"}, "|docs/AcornAtom/Acorn Atom Game Manuals DB/AtomCalc_-_1982_-_Acornsoft.pdf": {"hash": "8e67b5e0494dfbd122c1cddf45fc9857", "size": 3604899, "tags": [22, 25, 26, 25], "url": "https://archive.org/download/mister-manuals-db-poc2/AcornAtom/Acorn%20Atom%20Game%20Manuals%20DB/AtomCalc_-_1982_-_Acornsoft.pdf"}, "|docs/Arcadia/Arcadia 2001 Game Manuals DB/3D_Bowling_-_1983_-_UA_Ltd.pdf": {"hash": "7408b02de943629a53e2c944376a7d37", "size": 1249324, "tags": [22, 27, 28, 27], "url": "https://archive.org/download/mister-manuals-db-poc2/Arcadia/Arcadia%202001%20Game%20Manuals%20DB/3D_Bowling_-_1983_-_UA_Ltd.pdf"}, "|docs/Arcadia/Arcadia 2001 Game Manuals DB/Alien_Invaders_-_1982_-_UA_Ltd.pdf": {"hash": "6d57807f8e3a336aac38a3c8b5003b7f", "size": 2643182, "tags": [22, 27, 28, 27], "url": "https://archive.org/download/mister-manuals-db-poc2/Arcadia/Arcadia%202001%20Game%20Manuals%20DB/Alien_Invaders_-_1982_-_UA_Ltd.pdf"}, "|docs/Arcadia/Arcadia 2001 Game Manuals DB/American_Football_-_1982_-_UA_Ltd.pdf": {"hash": "e39824f5c15b5fc67880927984836c8c", "size": 3176960, "tags": [22, 27, 28, 27], "url": "https://archive.org/download/mister-manuals-db-poc2/Arcadia/Arcadia%202001%20Game%20Manuals%20DB/American_Football_-_1982_-_UA_Ltd.pdf"}, "|docs/Arcadia/Arcadia 2001 Game Manuals DB/Astro_Invader_-_1982_-_UA_Ltd.pdf": {"hash": "2b30f4d773f3ce1ba36db094110b64f9", "size": 256237, "tags": [22, 27, 28, 27], "url": "https://archive.org/download/mister-manuals-db-poc2/Arcadia/Arcadia%202001%20Game%20Manuals%20DB/Astro_Invader_-_1982_-_UA_Ltd.pdf"}, "|docs/Arcadia/Arcadia 2001 Game Manuals DB/Baseball_-_1982_-_UA_Ltd.pdf": {"hash": "36f06455206b7128fd5c40d4b93c83f3", "size": 1573344, "tags": [22, 27, 28, 27], "url": "https://archive.org/download/mister-manuals-db-poc2/Arcadia/Arcadia%202001%20Game%20Manuals%20DB/Baseball_-_1982_-_UA_Ltd.pdf"}, "|docs/Arcadia/Arcadia 2001 Game Manuals DB/Basketball_-_1982_-_UA_Ltd.pdf": {"hash": "2319156790490bd73294723aecb58d03", "size": 1285173, "tags": [22, 27, 28, 27], "url": "https://archive.org/download/mister-manuals-db-poc2/Arcadia/Arcadia%202001%20Game%20Manuals%20DB/Basketball_-_1982_-_UA_Ltd.pdf"}, "|docs/Arcadia/Arcadia 2001 Game Manuals DB/Blackjack_and_Poker_-_1982_-_UA_Ltd.pdf": {"hash": "651cc47c92d5cbc2fa966ef2babd7cff", "size": 1613105, "tags": [22, 27, 28, 27], "url": "https://archive.org/download/mister-manuals-db-poc2/Arcadia/Arcadia%202001%20Game%20Manuals%20DB/Blackjack_and_Poker_-_1982_-_UA_Ltd.pdf"}, "|docs/Arcadia/Arcadia 2001 Game Manuals DB/Boxing_-_1982_-_UA_Ltd.pdf": {"hash": "1dc3e75f76e449ff9f5746650149f86d", "size": 991998, "tags": [22, 27, 28, 27], "url": "https://archive.org/download/mister-manuals-db-poc2/Arcadia/Arcadia%202001%20Game%20Manuals%20DB/Boxing_-_1982_-_UA_Ltd.pdf"}, "|docs/Arcadia/Arcadia 2001 Game Manuals DB/Breakaway_-_1982_-_UA_Ltd.pdf": {"hash": "b56fe0d8a442722ba4034706c2bcc5b5", "size": 3921412, "tags": [22, 27, 28, 27], "url": "https://archive.org/download/mister-manuals-db-poc2/Arcadia/Arcadia%202001%20Game%20Manuals%20DB/Breakaway_-_1982_-_UA_Ltd.pdf"}, "|docs/Arcadia/Arcadia 2001 Game Manuals DB/Capture_-_1982_-_UA_Ltd.pdf": {"hash": "b5e301007a121ab20c4e613298b04816", "size": 2003001, "tags": [22, 27, 28, 27], "url": "https://archive.org/download/mister-manuals-db-poc2/Arcadia/Arcadia%202001%20Game%20Manuals%20DB/Capture_-_1982_-_UA_Ltd.pdf"}, "|docs/Arcadia/Arcadia 2001 Game Manuals DB/Cat_Trax_-_1982_-_UA_Ltd.pdf": {"hash": "470a3b844ed6725062caec0e944c7b7f", "size": 3372061, "tags": [22, 27, 28, 27], "url": "https://archive.org/download/mister-manuals-db-poc2/Arcadia/Arcadia%202001%20Game%20Manuals%20DB/Cat_Trax_-_1982_-_UA_Ltd.pdf"}, "|docs/Arcadia/Arcadia 2001 Game Manuals DB/Combat_-_1982_-_UA_Ltd.pdf": {"hash": "64b782fab067a9f8ac5e6b6e9ae5e379", "size": 1181941, "tags": [22, 27, 28, 27], "url": "https://archive.org/download/mister-manuals-db-poc2/Arcadia/Arcadia%202001%20Game%20Manuals%20DB/Combat_-_1982_-_UA_Ltd.pdf"}, "|docs/Arcadia/Arcadia 2001 Game Manuals DB/Crazy_Climber_-_1982_-_UA_Ltd.pdf": {"hash": "c96cc41fbd5ec481fad71d7814bb7e98", "size": 6887, "tags": [22, 27, 28, 27], "url": "https://archive.org/download/mister-manuals-db-poc2/Arcadia/Arcadia%202001%20Game%20Manuals%20DB/Crazy_Climber_-_1982_-_UA_Ltd.pdf"}, "|docs/Arcadia/Arcadia 2001 Game Manuals DB/Escape_-_1982_-_UA_Ltd.pdf": {"hash": "d5464a475925fb6ff53b40749a3bf5f1", "size": 2634624, "tags": [22, 27, 28, 27], "url": "https://archive.org/download/mister-manuals-db-poc2/Arcadia/Arcadia%202001%20Game%20Manuals%20DB/Escape_-_1982_-_UA_Ltd.pdf"}, "|docs/Arcadia/Arcadia 2001 Game Manuals DB/Funky_Fish_-_1983_-_UA_Ltd.pdf": {"hash": "d387a2fe516206ec17335cb7d204e0ab", "size": 306934, "tags": [22, 27, 28, 27], "url": "https://archive.org/download/mister-manuals-db-poc2/Arcadia/Arcadia%202001%20Game%20Manuals%20DB/Funky_Fish_-_1983_-_UA_Ltd.pdf"}, "|docs/Arcadia/Arcadia 2001 Game Manuals DB/Horse_Racing_-_1982_-_UA_Ltd.pdf": {"hash": "da2e5e34b45266c9011da73eef884d2d", "size": 6088, "tags": [22, 27, 28, 27], "url": "https://archive.org/download/mister-manuals-db-poc2/Arcadia/Arcadia%202001%20Game%20Manuals%20DB/Horse_Racing_-_1982_-_UA_Ltd.pdf"}, "|docs/Arcadia/Arcadia 2001 Game Manuals DB/Missile_War_-_1982_-_UA_Ltd.pdf": {"hash": "fa2343bafe8b940ddeab94aae67012cb", "size": 1217530, "tags": [22, 27, 28, 27], "url": "https://archive.org/download/mister-manuals-db-poc2/Arcadia/Arcadia%202001%20Game%20Manuals%20DB/Missile_War_-_1982_-_UA_Ltd.pdf"}, "|docs/Arcadia/Arcadia 2001 Game Manuals DB/Monaco_Grand_Prix_-_1982_-_UA_Ltd.pdf": {"hash": "6ee06aae94631c15373788ab3656b3a1", "size": 4788, "tags": [22, 27, 28, 27], "url": "https://archive.org/download/mister-manuals-db-poc2/Arcadia/Arcadia%202001%20Game%20Manuals%20DB/Monaco_Grand_Prix_-_1982_-_UA_Ltd.pdf"}, "|docs/Arcadia/Arcadia 2001 Game Manuals DB/Nibblemen_-_1982_-_UA_Ltd.pdf": {"hash": "333b7bf80fab055f147c9a2f5b40109b", "size": 1474295, "tags": [22, 27, 28, 27], "url": "https://archive.org/download/mister-manuals-db-poc2/Arcadia/Arcadia%202001%20Game%20Manuals%20DB/Nibblemen_-_1982_-_UA_Ltd.pdf"}, "|docs/Arcadia/Arcadia 2001 Game Manuals DB/Ocean_Battle_-_1982_-_UA_Ltd.pdf": {"hash": "9621a013b87ad68d67bc20b2ce6d9772", "size": 5676, "tags": [22, 27, 28, 27], "url": "https://archive.org/download/mister-manuals-db-poc2/Arcadia/Arcadia%202001%20Game%20Manuals%20DB/Ocean_Battle_-_1982_-_UA_Ltd.pdf"}, "|docs/Arcadia/Arcadia 2001 Game Manuals DB/Parashooter_-_1982_-_UA_Ltd.pdf": {"hash": "18302fa7f0db8520b99d656d581fd090", "size": 965009, "tags": [22, 27, 28, 27], "url": "https://archive.org/download/mister-manuals-db-poc2/Arcadia/Arcadia%202001%20Game%20Manuals%20DB/Parashooter_-_1982_-_UA_Ltd.pdf"}, "|docs/Arcadia/Arcadia 2001 Game Manuals DB/R2D_Tank_-_1982_-_UA_Ltd.pdf": {"hash": "e2843ae9b27a6f0bbbf9617842e33d8d", "size": 331708, "tags": [22, 27, 28, 27], "url": "https://archive.org/download/mister-manuals-db-poc2/Arcadia/Arcadia%202001%20Game%20Manuals%20DB/R2D_Tank_-_1982_-_UA_Ltd.pdf"}, "|docs/Arcadia/Arcadia 2001 Game Manuals DB/Soccer_-_1982_-_UA_Ltd.pdf": {"hash": "916e1dba51786cac073e11f561486aaf", "size": 5695, "tags": [22, 27, 28, 27], "url": "https://archive.org/download/mister-manuals-db-poc2/Arcadia/Arcadia%202001%20Game%20Manuals%20DB/Soccer_-_1982_-_UA_Ltd.pdf"}, "|docs/Arcadia/Arcadia 2001 Game Manuals DB/Space_Attack_-_1982_-_UA_Ltd.pdf": {"hash": "0105846fcb4ecf28ef9928dac818bbd7", "size": 128542, "tags": [22, 27, 28, 27], "url": "https://archive.org/download/mister-manuals-db-poc2/Arcadia/Arcadia%202001%20Game%20Manuals%20DB/Space_Attack_-_1982_-_UA_Ltd.pdf"}, "|docs/Arcadia/Arcadia 2001 Game Manuals DB/Space_Mission_-_1982_-_UA_Ltd.pdf": {"hash": "e14afad937b12d8a8a60f826c4e98aaa", "size": 1283571, "tags": [22, 27, 28, 27], "url": "https://archive.org/download/mister-manuals-db-poc2/Arcadia/Arcadia%202001%20Game%20Manuals%20DB/Space_Mission_-_1982_-_UA_Ltd.pdf"}, "|docs/Arcadia/Arcadia 2001 Game Manuals DB/Space_Raiders_-_1982_-_UA_Ltd.pdf": {"hash": "f59fd810c474b74307c473ca5abb5846", "size": 6387, "tags": [22, 27, 28, 27], "url": "https://archive.org/download/mister-manuals-db-poc2/Arcadia/Arcadia%202001%20Game%20Manuals%20DB/Space_Raiders_-_1982_-_UA_Ltd.pdf"}, "|docs/Arcadia/Arcadia 2001 Game Manuals DB/Space_Squadron_-_1982_-_UA_Ltd.pdf": {"hash": "9ee69d5b5f7ade921df7a640408807f8", "size": 2952, "tags": [22, 27, 28, 27], "url": "https://archive.org/download/mister-manuals-db-poc2/Arcadia/Arcadia%202001%20Game%20Manuals%20DB/Space_Squadron_-_1982_-_UA_Ltd.pdf"}, "|docs/Arcadia/Arcadia 2001 Game Manuals DB/Spiders_-_1982_-_UA_Ltd.pdf": {"hash": "1ff4e27dbd2cea5411194f622505f6e1", "size": 256696, "tags": [22, 27, 28, 27], "url": "https://archive.org/download/mister-manuals-db-poc2/Arcadia/Arcadia%202001%20Game%20Manuals%20DB/Spiders_-_1982_-_UA_Ltd.pdf"}, "|docs/Arcadia/Arcadia 2001 Game Manuals DB/Star_Chess_-_1982_-_UA_Ltd.pdf": {"hash": "9c2418859a5ed998084d297dd2d977e9", "size": 16397, "tags": [22, 27, 28, 27], "url": "https://archive.org/download/mister-manuals-db-poc2/Arcadia/Arcadia%202001%20Game%20Manuals%20DB/Star_Chess_-_1982_-_UA_Ltd.pdf"}, "|docs/Arcadia/Arcadia 2001 Game Manuals DB/Tanks_a_Lot_-_1982_-_UA_Ltd.pdf": {"hash": "94eb32ae974d718d3bfe1e9a698027ed", "size": 429945, "tags": [22, 27, 28, 27], "url": "https://archive.org/download/mister-manuals-db-poc2/Arcadia/Arcadia%202001%20Game%20Manuals%20DB/Tanks_a_Lot_-_1982_-_UA_Ltd.pdf"}, "|docs/Arcadia/Arcadia 2001 Game Manuals DB/The_End_-_1982_-_UA_Ltd.pdf": {"hash": "ba7aec04a603a8ac0948d35aaa80c055", "size": 196976, "tags": [22, 27, 28, 27], "url": "https://archive.org/download/mister-manuals-db-poc2/Arcadia/Arcadia%202001%20Game%20Manuals%20DB/The_End_-_1982_-_UA_Ltd.pdf"}, "|docs/Astrocade/Bally Astrocade Game Manuals DB/280zzap_-_1977_-_Bally_Mfg._Corp.pdf": {"hash": "feca78161399661d0f4b2c12f37472c2", "size": 368172, "tags": [22, 29, 30, 29], "url": "https://archive.org/download/mister-manuals-db-poc2/Astrocade/Bally%20Astrocade%20Game%20Manuals%20DB/280zzap_-_1977_-_Bally_Mfg._Corp.pdf"}, "|docs/Astrocade/Bally Astrocade Game Manuals DB/Amazing_Maze_-_1979_-_Bally_Mfg._Corp.pdf": {"hash": "0c389e505a13892a0e2e03dc690c8352", "size": 419817, "tags": [22, 29, 30, 29], "url": "https://archive.org/download/mister-manuals-db-poc2/Astrocade/Bally%20Astrocade%20Game%20Manuals%20DB/Amazing_Maze_-_1979_-_Bally_Mfg._Corp.pdf"}, "|docs/Astrocade/Bally Astrocade Game Manuals DB/Artillery_Duel_-_1982_-_Bally_Mfg._Corp.pdf": {"hash": "0cae710fac79e4306e0005b64bfc6948", "size": 1897953, "tags": [22, 29, 30, 29], "url": "https://archive.org/download/mister-manuals-db-poc2/Astrocade/Bally%20Astrocade%20Game%20Manuals%20DB/Artillery_Duel_-_1982_-_Bally_Mfg._Corp.pdf"}, "|docs/Astrocade/Bally Astrocade Game Manuals DB/Astro_Battle_-_1978_-_Bally_Mfg._Corp.pdf": {"hash": "64650f43405685bbe97648a298f963a1", "size": 294789, "tags": [22, 29, 30, 29], "url": "https://archive.org/download/mister-manuals-db-poc2/Astrocade/Bally%20Astrocade%20Game%20Manuals%20DB/Astro_Battle_-_1978_-_Bally_Mfg._Corp.pdf"}, "|docs/Astrocade/Bally Astrocade Game Manuals DB/Bally_Pin_-_1977_-_Bally_Mfg._Corp.pdf": {"hash": "dd0f8c7d8cd3fd14e8a0eb20fb70c290", "size": 441229, "tags": [22, 29, 30, 29], "url": "https://archive.org/download/mister-manuals-db-poc2/Astrocade/Bally%20Astrocade%20Game%20Manuals%20DB/Bally_Pin_-_1977_-_Bally_Mfg._Corp.pdf"}, "|docs/Astrocade/Bally Astrocade Game Manuals DB/Football_-_1978_-_Bally_Mfg._Corp.pdf": {"hash": "a2d5f1987d1a7131f28faa145e3106dc", "size": 367667, "tags": [22, 29, 30, 29], "url": "https://archive.org/download/mister-manuals-db-poc2/Astrocade/Bally%20Astrocade%20Game%20Manuals%20DB/Football_-_1978_-_Bally_Mfg._Corp.pdf"}, "|docs/Astrocade/Bally Astrocade Game Manuals DB/Missile_-_1978_-_Bally_Mfg._Corp.pdf": {"hash": "8823faa854507e5e0da96d817d5aa1cd", "size": 353236, "tags": [22, 29, 30, 29], "url": "https://archive.org/download/mister-manuals-db-poc2/Astrocade/Bally%20Astrocade%20Game%20Manuals%20DB/Missile_-_1978_-_Bally_Mfg._Corp.pdf"}, "|docs/Astrocade/Bally Astrocade Game Manuals DB/Pirate-s_Chase.pdf": {"hash": "7d1a429b1129956ab6abf431bf98b15c", "size": 1052359, "tags": [22, 29, 30, 29], "url": "https://archive.org/download/mister-manuals-db-poc2/Astrocade/Bally%20Astrocade%20Game%20Manuals%20DB/Pirate-s_Chase.pdf"}, "|docs/Astrocade/Bally Astrocade Game Manuals DB/Seawolf_-_1977_-_Bally_Mfg._Corp.pdf": {"hash": "366ce8328b9d4a36a5663f3cc149279d", "size": 353235, "tags": [22, 29, 30, 29], "url": "https://archive.org/download/mister-manuals-db-poc2/Astrocade/Bally%20Astrocade%20Game%20Manuals%20DB/Seawolf_-_1977_-_Bally_Mfg._Corp.pdf"}, "|docs/Astrocade/Bally Astrocade Game Manuals DB/Solar_Conqueror_-_1983_-_Astrocade_Inc..pdf": {"hash": "8fe1b047a4ee0d62203055c905656c9b", "size": 1031706, "tags": [22, 29, 30, 29], "url": "https://archive.org/download/mister-manuals-db-poc2/Astrocade/Bally%20Astrocade%20Game%20Manuals%20DB/Solar_Conqueror_-_1983_-_Astrocade_Inc..pdf"}, "|docs/Astrocade/Bally Astrocade Game Manuals DB/Space_Fortress_-_1981_-_Bally_Mfg._Corp.pdf": {"hash": "c7cbf4cae046bfc112bf79e83449bbef", "size": 559449, "tags": [22, 29, 30, 29], "url": "https://archive.org/download/mister-manuals-db-poc2/Astrocade/Bally%20Astrocade%20Game%20Manuals%20DB/Space_Fortress_-_1981_-_Bally_Mfg._Corp.pdf"}, "|docs/Astrocade/Bally Astrocade Game Manuals DB/Star_Battle_-_1977_-_Bally_Mfg._Corp.pdf": {"hash": "c41f6a38a760effe34c6da7020880d46", "size": 230385, "tags": [22, 29, 30, 29], "url": "https://archive.org/download/mister-manuals-db-poc2/Astrocade/Bally%20Astrocade%20Game%20Manuals%20DB/Star_Battle_-_1977_-_Bally_Mfg._Corp.pdf"}, "|docs/Astrocade/Bally Astrocade Game Manuals DB/Treasure_Cove.pdf": {"hash": "c0e3dc8b67131783f37d561818113f13", "size": 839197, "tags": [22, 29, 30, 29], "url": "https://archive.org/download/mister-manuals-db-poc2/Astrocade/Bally%20Astrocade%20Game%20Manuals%20DB/Treasure_Cove.pdf"}, "|docs/Astrocade/Bally Astrocade Game Manuals DB/Wizard_of_Wor_-_1982_-_Bally_Mfg._Corp.pdf": {"hash": "5387841c2e3b675cb087c0bcfbb713f7", "size": 691014, "tags": [22, 29, 30, 29], "url": "https://archive.org/download/mister-manuals-db-poc2/Astrocade/Bally%20Astrocade%20Game%20Manuals%20DB/Wizard_of_Wor_-_1982_-_Bally_Mfg._Corp.pdf"}, "|docs/CD-i/CDi Game Manuals DB/Burn-_Cycle_-_1994_-_Philips_Interactive_Media.pdf": {"hash": "21ac69ad2df707b5b09fc76cd268f5aa", "size": 2882564, "tags": [22, 31, 32, 31], "url": "https://archive.org/download/mister-manuals-db-poc2/CD-i/CDi%20Game%20Manuals%20DB/Burn-_Cycle_-_1994_-_Philips_Interactive_Media.pdf"}, "|docs/CD-i/CDi Game Manuals DB/Lemmings_-_1993_-_Philips_Interactive_Media.pdf": {"hash": "ae691ce4e6d31634dd2c7163a0f99734", "size": 4555617, "tags": [22, 31, 32, 31], "url": "https://archive.org/download/mister-manuals-db-poc2/CD-i/CDi%20Game%20Manuals%20DB/Lemmings_-_1993_-_Philips_Interactive_Media.pdf"}, "|docs/CD-i/CDi Game Manuals DB/Link-_The_Faces_of_Evil_-_1993_-_Philips_Interactive_Media.pdf": {"hash": "f8cfdb2797589177c381c11e14329022", "size": 8744098, "tags": [22, 31, 32, 31], "url": "https://archive.org/download/mister-manuals-db-poc2/CD-i/CDi%20Game%20Manuals%20DB/Link-_The_Faces_of_Evil_-_1993_-_Philips_Interactive_Media.pdf"}, "|docs/CD-i/CDi Game Manuals DB/Mad_Dog_II-_The_Lost_Gold_-_1995_-_Philips_Interactive_Media.pdf": {"hash": "c71cd1c25db4be99301ddd687f6242cc", "size": 4323361, "tags": [22, 31, 32, 31], "url": "https://archive.org/download/mister-manuals-db-poc2/CD-i/CDi%20Game%20Manuals%20DB/Mad_Dog_II-_The_Lost_Gold_-_1995_-_Philips_Interactive_Media.pdf"}, "|docs/CD-i/CDi Game Manuals DB/Zelda-_The_Wand_of_Gamelon_-_1993_-_Philips_Interactive_Media.pdf": {"hash": "dbd52e51322199ee4935079de22030bf", "size": 1988074, "tags": [22, 31, 32, 31], "url": "https://archive.org/download/mister-manuals-db-poc2/CD-i/CDi%20Game%20Manuals%20DB/Zelda-_The_Wand_of_Gamelon_-_1993_-_Philips_Interactive_Media.pdf"}, "|docs/CD-i/CDi Game Manuals DB/Zelda-s_Adventure_-_1995_-_Philips_Interactive_Media.pdf": {"hash": "50998904c8abb0049b66df912c50dc68", "size": 8540003, "tags": [22, 31, 32, 31], "url": "https://archive.org/download/mister-manuals-db-poc2/CD-i/CDi%20Game%20Manuals%20DB/Zelda-s_Adventure_-_1995_-_Philips_Interactive_Media.pdf"}, "|docs/ChannelF/Channel F Game Manuals DB/Baseball_-_1977_-_Fairchild_Semiconductor.pdf": {"hash": "99a95d4e419cf8d21681569148cde8d1", "size": 4693, "tags": [22, 33, 34, 33], "url": "https://archive.org/download/mister-manuals-db-poc2/ChannelF/Channel%20F%20Game%20Manuals%20DB/Baseball_-_1977_-_Fairchild_Semiconductor.pdf"}, "|docs/ChannelF/Channel F Game Manuals DB/Desert_Fox_-_Shooting_Gallery_-_1976_-_Fairchild_Semiconductor.pdf": {"hash": "122a22e9bda0b16dc5a847ca3e69a7c3", "size": 5948, "tags": [22, 33, 34, 33], "url": "https://archive.org/download/mister-manuals-db-poc2/ChannelF/Channel%20F%20Game%20Manuals%20DB/Desert_Fox_-_Shooting_Gallery_-_1976_-_Fairchild_Semiconductor.pdf"}, "|docs/ChannelF/Channel F Game Manuals DB/Drag_Race_-_1977_-_Fairchild_Semiconductor.pdf": {"hash": "ef4dcf0d8a49ba131add3a783dcf9e68", "size": 6427, "tags": [22, 33, 34, 33], "url": "https://archive.org/download/mister-manuals-db-poc2/ChannelF/Channel%20F%20Game%20Manuals%20DB/Drag_Race_-_1977_-_Fairchild_Semiconductor.pdf"}, "|docs/ChannelF/Channel F Game Manuals DB/Galactic_Space_Wars_-_Luna_Lander_-_1978_-_Zircon_International_Inc..pdf": {"hash": "1993d900de4dab25b2b8d4c7ba0d87ea", "size": 5011, "tags": [22, 33, 34, 33], "url": "https://archive.org/download/mister-manuals-db-poc2/ChannelF/Channel%20F%20Game%20Manuals%20DB/Galactic_Space_Wars_-_Luna_Lander_-_1978_-_Zircon_International_Inc..pdf"}, "|docs/ChannelF/Channel F Game Manuals DB/Hockey_-_Tennis_-_1976_-_Fairchild_Semiconductor.pdf": {"hash": "e1d7bfdade30f2b609b71aca2c020ab0", "size": 1682508, "tags": [22, 33, 34, 33], "url": "https://archive.org/download/mister-manuals-db-poc2/ChannelF/Channel%20F%20Game%20Manuals%20DB/Hockey_-_Tennis_-_1976_-_Fairchild_Semiconductor.pdf"}, "|docs/ChannelF/Channel F Game Manuals DB/Math_Quiz_II-_Multiplication_-_Division_-_1977_-_Fairchild_Semiconductor.pdf": {"hash": "8e6f08af7175be718518b202385ac0c3", "size": 10459, "tags": [22, 33, 34, 33], "url": "https://archive.org/download/mister-manuals-db-poc2/ChannelF/Channel%20F%20Game%20Manuals%20DB/Math_Quiz_II-_Multiplication_-_Division_-_1977_-_Fairchild_Semiconductor.pdf"}, "|docs/ChannelF/Channel F Game Manuals DB/Math_Quiz_I_-_Addition_-_Subtraction_-_1977_-_Fairchild_Semiconductor.pdf": {"hash": "5dfd0f55d954e136cae0d604191e4ad4", "size": 10508, "tags": [22, 33, 34, 33], "url": "https://archive.org/download/mister-manuals-db-poc2/ChannelF/Channel%20F%20Game%20Manuals%20DB/Math_Quiz_I_-_Addition_-_Subtraction_-_1977_-_Fairchild_Semiconductor.pdf"}, "|docs/ChannelF/Channel F Game Manuals DB/Maze,_Jailbreak,_Blind_Man-s_bluf,f_-_Trailblazer_-_1977_-_Fairchild_Semiconductor.pdf": {"hash": "331cd32f3db1da588b611ca15577f56d", "size": 7986, "tags": [22, 33, 34, 33], "url": "https://archive.org/download/mister-manuals-db-poc2/ChannelF/Channel%20F%20Game%20Manuals%20DB/Maze%2C_Jailbreak%2C_Blind_Man-s_bluf%2Cf_-_Trailblazer_-_1977_-_Fairchild_Semiconductor.pdf"}, "|docs/ChannelF/Channel F Game Manuals DB/Memory_Match_1_-_2_-_1978_-_Fairchild_Semiconductor.pdf": {"hash": "1b5cef184e1a85b2a811de79094b6800", "size": 5264, "tags": [22, 33, 34, 33], "url": "https://archive.org/download/mister-manuals-db-poc2/ChannelF/Channel%20F%20Game%20Manuals%20DB/Memory_Match_1_-_2_-_1978_-_Fairchild_Semiconductor.pdf"}, "|docs/ChannelF/Channel F Game Manuals DB/Muehle,_Tontauben-Schiessen,_Kreatives_Malspiel,_-_Videoscope_-_1977_-_Saba_Videoplay.pdf": {"hash": "ee9ec5f4d261691dff9e4e8b646b7a7a", "size": 6299, "tags": [22, 33, 34, 33], "url": "https://archive.org/download/mister-manuals-db-poc2/ChannelF/Channel%20F%20Game%20Manuals%20DB/Muehle%2C_Tontauben-Schiessen%2C_Kreatives_Malspiel%2C_-_Videoscope_-_1977_-_Saba_Videoplay.pdf"}, "|docs/ChannelF/Channel F Game Manuals DB/Robot_War_-_Torpedo_Alley_-_1977_-_Fairchild_Semiconductor.pdf": {"hash": "c6fb39d4a65913cd108eec29dc88e78d", "size": 6002, "tags": [22, 33, 34, 33], "url": "https://archive.org/download/mister-manuals-db-poc2/ChannelF/Channel%20F%20Game%20Manuals%20DB/Robot_War_-_Torpedo_Alley_-_1977_-_Fairchild_Semiconductor.pdf"}, "|docs/ChannelF/Channel F Game Manuals DB/Sonar_Search_-_1977_-_Fairchild_Semiconductor.pdf": {"hash": "f9832df23e8f59e1a9312aa79da1f5dc", "size": 6325, "tags": [22, 33, 34, 33], "url": "https://archive.org/download/mister-manuals-db-poc2/ChannelF/Channel%20F%20Game%20Manuals%20DB/Sonar_Search_-_1977_-_Fairchild_Semiconductor.pdf"}, "|docs/ChannelF/Channel F Game Manuals DB/Space_War_-_1977_-_Fairchild_Semiconductor.pdf": {"hash": "b180a029a1e7f469633b057f01e19837", "size": 5407, "tags": [22, 33, 34, 33], "url": "https://archive.org/download/mister-manuals-db-poc2/ChannelF/Channel%20F%20Game%20Manuals%20DB/Space_War_-_1977_-_Fairchild_Semiconductor.pdf"}, "|docs/ChannelF/Channel F Game Manuals DB/Spitfire_-_1977_-_Fairchild_Semiconductor.pdf": {"hash": "b702f09505725963edf294fb9ff6efd2", "size": 6412, "tags": [22, 33, 34, 33], "url": "https://archive.org/download/mister-manuals-db-poc2/ChannelF/Channel%20F%20Game%20Manuals%20DB/Spitfire_-_1977_-_Fairchild_Semiconductor.pdf"}, "|docs/ChannelF/Channel F Game Manuals DB/Tic-Tac-Toe,_Shooting_Gallery,_Doodle,_-_Quadra-Doodle_-_1976_-_Fairchild_Semiconductor.pdf": {"hash": "d660fb02de49ddece24bd2662fe2585e", "size": 6289, "tags": [22, 33, 34, 33], "url": "https://archive.org/download/mister-manuals-db-poc2/ChannelF/Channel%20F%20Game%20Manuals%20DB/Tic-Tac-Toe%2C_Shooting_Gallery%2C_Doodle%2C_-_Quadra-Doodle_-_1976_-_Fairchild_Semiconductor.pdf"}, "|docs/ChannelF/Channel F Game Manuals DB/Video_Blackjack_-_1976_-_Fairchild_Semiconductor.pdf": {"hash": "df5c07fcc4d84788b6130be1825f2fe1", "size": 6727, "tags": [22, 33, 34, 33], "url": "https://archive.org/download/mister-manuals-db-poc2/ChannelF/Channel%20F%20Game%20Manuals%20DB/Video_Blackjack_-_1976_-_Fairchild_Semiconductor.pdf"}, "|docs/CoCo2/Dragon 32-64 Game Manuals DB/Calixto_Island_-_1983_-_Dragon_Data.pdf": {"hash": "99c7bc7cc0f339bf10ef7c78d4aaf86d", "size": 661643, "tags": [22, 35, 36, 35], "url": "https://archive.org/download/mister-manuals-db-poc2/CoCo2/Dragon%2032-64%20Game%20Manuals%20DB/Calixto_Island_-_1983_-_Dragon_Data.pdf"}, "|docs/CoCo2/Dragon 32-64 Game Manuals DB/Football_Manager_-_1984_-_Addictive_Games.pdf": {"hash": "f74a13da6cd7c6e751ca94c1514389c5", "size": 399894, "tags": [22, 35, 36, 35], "url": "https://archive.org/download/mister-manuals-db-poc2/CoCo2/Dragon%2032-64%20Game%20Manuals%20DB/Football_Manager_-_1984_-_Addictive_Games.pdf"}, "|docs/CoCo2/Dragon 32-64 Game Manuals DB/Madness_-_the_Minotaur_-_1982_-_Dragon_Data.pdf": {"hash": "69f586ac495fb80050bc207dcff312c7", "size": 566864, "tags": [22, 35, 36, 35], "url": "https://archive.org/download/mister-manuals-db-poc2/CoCo2/Dragon%2032-64%20Game%20Manuals%20DB/Madness_-_the_Minotaur_-_1982_-_Dragon_Data.pdf"}, "|docs/CoCo2/Dragon 32-64 Game Manuals DB/Manic_Miner_-_1984_-_Software_Projects.pdf": {"hash": "a89f1103d362f3790d6cc45c0d166fcd", "size": 209381, "tags": [22, 35, 36, 35], "url": "https://archive.org/download/mister-manuals-db-poc2/CoCo2/Dragon%2032-64%20Game%20Manuals%20DB/Manic_Miner_-_1984_-_Software_Projects.pdf"}, "|docs/CoCo2/Dragon 32-64 Game Manuals DB/Time_Bandit_-_1984_-_MicroDeal.pdf": {"hash": "e4b3323ea68aad8d95845749fa0199ba", "size": 362952, "tags": [22, 35, 36, 35], "url": "https://archive.org/download/mister-manuals-db-poc2/CoCo2/Dragon%2032-64%20Game%20Manuals%20DB/Time_Bandit_-_1984_-_MicroDeal.pdf"}, "|docs/CoCo2/Dragon 32-64 Game Manuals DB/Total_Eclipse_-_1985_-_J._Penn_Discount_Software.pdf": {"hash": "982defadb32bcef29ac0b224814182cb", "size": 1879508, "tags": [22, 35, 36, 35], "url": "https://archive.org/download/mister-manuals-db-poc2/CoCo2/Dragon%2032-64%20Game%20Manuals%20DB/Total_Eclipse_-_1985_-_J._Penn_Discount_Software.pdf"}, "|docs/CreatiVision/CreatiVision Game Manuals DB/Air-Sea_Attack_-_1981_-_VTL.pdf": {"hash": "78f39a98c6ad891742c4f37dd34c7db9", "size": 239516, "tags": [22, 37, 38, 37], "url": "https://archive.org/download/mister-manuals-db-poc2/CreatiVision/CreatiVision%20Game%20Manuals%20DB/Air-Sea_Attack_-_1981_-_VTL.pdf"}, "|docs/CreatiVision/CreatiVision Game Manuals DB/Astro_Pinball_-_1981_-_VTL.pdf": {"hash": "ecdbed7090fa338bb2aa89b5fb593fe8", "size": 217311, "tags": [22, 37, 38, 37], "url": "https://archive.org/download/mister-manuals-db-poc2/CreatiVision/CreatiVision%20Game%20Manuals%20DB/Astro_Pinball_-_1981_-_VTL.pdf"}, "|docs/CreatiVision/CreatiVision Game Manuals DB/Auto_Chase_-_1981_-_VTL.pdf": {"hash": "811006d774d430125ce23890286121f2", "size": 246763, "tags": [22, 37, 38, 37], "url": "https://archive.org/download/mister-manuals-db-poc2/CreatiVision/CreatiVision%20Game%20Manuals%20DB/Auto_Chase_-_1981_-_VTL.pdf"}, "|docs/CreatiVision/CreatiVision Game Manuals DB/Chopper_Rescue_-_1982_-_VTL.pdf": {"hash": "fa65e6fe4cf5ae5f8f66f59b5f4726bb", "size": 184212, "tags": [22, 37, 38, 37], "url": "https://archive.org/download/mister-manuals-db-poc2/CreatiVision/CreatiVision%20Game%20Manuals%20DB/Chopper_Rescue_-_1982_-_VTL.pdf"}, "|docs/CreatiVision/CreatiVision Game Manuals DB/Crazy_Chicky_-_1981_-_VTL.pdf": {"hash": "283544631b140ffe5cc4ef5d0dbe6252", "size": 346057, "tags": [22, 37, 38, 37], "url": "https://archive.org/download/mister-manuals-db-poc2/CreatiVision/CreatiVision%20Game%20Manuals%20DB/Crazy_Chicky_-_1981_-_VTL.pdf"}, "|docs/CreatiVision/CreatiVision Game Manuals DB/Deep_Sea_Adventure_-_VTL.pdf": {"hash": "341d93f677f98b802ea1e9db6820b3bc", "size": 246282, "tags": [22, 37, 38, 37], "url": "https://archive.org/download/mister-manuals-db-poc2/CreatiVision/CreatiVision%20Game%20Manuals%20DB/Deep_Sea_Adventure_-_VTL.pdf"}, "|docs/CreatiVision/CreatiVision Game Manuals DB/Locomotive_-_1981_-_VTL.pdf": {"hash": "edae4dec607943ba40fc450697697789", "size": 152290, "tags": [22, 37, 38, 37], "url": "https://archive.org/download/mister-manuals-db-poc2/CreatiVision/CreatiVision%20Game%20Manuals%20DB/Locomotive_-_1981_-_VTL.pdf"}, "|docs/CreatiVision/CreatiVision Game Manuals DB/Mouse_Puzzle_-_1983_-_VTL.pdf": {"hash": "819b32d4d862946a054fd48bf17b3f2f", "size": 199133, "tags": [22, 37, 38, 37], "url": "https://archive.org/download/mister-manuals-db-poc2/CreatiVision/CreatiVision%20Game%20Manuals%20DB/Mouse_Puzzle_-_1983_-_VTL.pdf"}, "|docs/CreatiVision/CreatiVision Game Manuals DB/Music_Maker_-_1983_-_VTL.pdf": {"hash": "d8b9784d3479da747eb802068b0ee3e0", "size": 273877, "tags": [22, 37, 38, 37], "url": "https://archive.org/download/mister-manuals-db-poc2/CreatiVision/CreatiVision%20Game%20Manuals%20DB/Music_Maker_-_1983_-_VTL.pdf"}, "|docs/CreatiVision/CreatiVision Game Manuals DB/Planet_Defender_-_1982_-_VTL.pdf": {"hash": "ceee4df7eb72e0f0248c8a5c44babc3c", "size": 214379, "tags": [22, 37, 38, 37], "url": "https://archive.org/download/mister-manuals-db-poc2/CreatiVision/CreatiVision%20Game%20Manuals%20DB/Planet_Defender_-_1982_-_VTL.pdf"}, "|docs/CreatiVision/CreatiVision Game Manuals DB/Police_Jump_-_1981_-_VTL.pdf": {"hash": "583ec37d6176892427e2edc51ab6f7b7", "size": 262367, "tags": [22, 37, 38, 37], "url": "https://archive.org/download/mister-manuals-db-poc2/CreatiVision/CreatiVision%20Game%20Manuals%20DB/Police_Jump_-_1981_-_VTL.pdf"}, "|docs/CreatiVision/CreatiVision Game Manuals DB/Soccer_-_1983_-_VTL.pdf": {"hash": "6d2b727fea0f80945bd117f51fdb9d83", "size": 172192, "tags": [22, 37, 38, 37], "url": "https://archive.org/download/mister-manuals-db-poc2/CreatiVision/CreatiVision%20Game%20Manuals%20DB/Soccer_-_1983_-_VTL.pdf"}, "|docs/CreatiVision/CreatiVision Game Manuals DB/Sonic_Invader_-_1981_-_VTL.pdf": {"hash": "c2bda85a04caf8341f9efbe0c85533af", "size": 269793, "tags": [22, 37, 38, 37], "url": "https://archive.org/download/mister-manuals-db-poc2/CreatiVision/CreatiVision%20Game%20Manuals%20DB/Sonic_Invader_-_1981_-_VTL.pdf"}, "|docs/CreatiVision/CreatiVision Game Manuals DB/Tank_Attack_-_1981_-_VTL.pdf": {"hash": "4d5473ce820731499cad0dd165d4dbac", "size": 253641, "tags": [22, 37, 38, 37], "url": "https://archive.org/download/mister-manuals-db-poc2/CreatiVision/CreatiVision%20Game%20Manuals%20DB/Tank_Attack_-_1981_-_VTL.pdf"}, "|docs/CreatiVision/CreatiVision Game Manuals DB/Tennis_-_1981_-_VTL.pdf": {"hash": "9163049b448e5150e96ad260116953a5", "size": 257424, "tags": [22, 37, 38, 37], "url": "https://archive.org/download/mister-manuals-db-poc2/CreatiVision/CreatiVision%20Game%20Manuals%20DB/Tennis_-_1981_-_VTL.pdf"}, "|docs/EpochGalaxyII/Epoch Galaxy II Manual.pdf": {"hash": "2959983b96531f93109785c2fbbf9dec", "size": 295772, "tags": [22, 39, 39], "url": "https://archive.org/download/mister-manuals-db-poc2/EpochGalaxyII/Epoch%20Galaxy%20II%20Manual.pdf"}, "|docs/Jaguar/Jag CD Game Manuals DB/Baldies.pdf": {"hash": "cb76431fc8ed11075ff5936130496d38", "size": 2423760, "tags": [22, 40, 41, 40], "url": "https://archive.org/download/mister-manuals-db-poc2/Jaguar/Jag%20CD%20Game%20Manuals%20DB/Baldies.pdf"}, "|docs/Jaguar/Jag CD Game Manuals DB/Blue_Lightning.pdf": {"hash": "13800ebe6fbad90942ae435ad1791662", "size": 1162789, "tags": [22, 40, 41, 40], "url": "https://archive.org/download/mister-manuals-db-poc2/Jaguar/Jag%20CD%20Game%20Manuals%20DB/Blue_Lightning.pdf"}, "|docs/Jaguar/Jag CD Game Manuals DB/BrainDead_13.pdf": {"hash": "78abb9f0b5964b063efdcbd161e3a724", "size": 1403572, "tags": [22, 40, 41, 40], "url": "https://archive.org/download/mister-manuals-db-poc2/Jaguar/Jag%20CD%20Game%20Manuals%20DB/BrainDead_13.pdf"}, "|docs/Jaguar/Jag CD Game Manuals DB/Dragon-s_Lair.pdf": {"hash": "d899f627166e431ff1b600a650f8ad03", "size": 1471993, "tags": [22, 40, 41, 40], "url": "https://archive.org/download/mister-manuals-db-poc2/Jaguar/Jag%20CD%20Game%20Manuals%20DB/Dragon-s_Lair.pdf"}, "|docs/Jaguar/Jag CD Game Manuals DB/Myst.pdf": {"hash": "fad174b798b7eeeb1908f12f09f88904", "size": 13067422, "tags": [22, 40, 41, 40], "url": "https://archive.org/download/mister-manuals-db-poc2/Jaguar/Jag%20CD%20Game%20Manuals%20DB/Myst.pdf"}, "|docs/Jaguar/Jag CD Game Manuals DB/Primal_Rage.pdf": {"hash": "0c261b7f45052720840e56b46b8b8e7f", "size": 2784067, "tags": [22, 40, 41, 40], "url": "https://archive.org/download/mister-manuals-db-poc2/Jaguar/Jag%20CD%20Game%20Manuals%20DB/Primal_Rage.pdf"}, "|docs/Jaguar/Jag CD Game Manuals DB/Space_Ace.pdf": {"hash": "2fff6f3273fc0278f57a04033180f5b3", "size": 939374, "tags": [22, 40, 41, 40], "url": "https://archive.org/download/mister-manuals-db-poc2/Jaguar/Jag%20CD%20Game%20Manuals%20DB/Space_Ace.pdf"}, "|docs/Jaguar/Jag CD Game Manuals DB/Vid_Grid.pdf": {"hash": "75e3992c8a86f3472ca31f6c745b6348", "size": 10827317, "tags": [22, 40, 41, 40], "url": "https://archive.org/download/mister-manuals-db-poc2/Jaguar/Jag%20CD%20Game%20Manuals%20DB/Vid_Grid.pdf"}, "|docs/Jaguar/Jag CD Game Manuals DB/World_Tour_Racing.pdf": {"hash": "88745c03b8c0909a28fa4b10fb50a0b9", "size": 1443602, "tags": [22, 40, 41, 40], "url": "https://archive.org/download/mister-manuals-db-poc2/Jaguar/Jag%20CD%20Game%20Manuals%20DB/World_Tour_Racing.pdf"}, "|docs/NEOGEO/Neo-Geo Game Manuals DB/Breakers_-_1996_-_SNK_Corporation.pdf": {"hash": "fa52d41bc63f5e6fe1cf9592ba8b75de", "size": 19275351, "tags": [22, 42, 43, 42], "url": "https://archive.org/download/mister-manuals-db-poc2/NEOGEO/Neo-Geo%20Game%20Manuals%20DB/Breakers_-_1996_-_SNK_Corporation.pdf"}, "|docs/NEOGEO/Neo-Geo Game Manuals DB/Garou_-_Mark_of_the_Wolves_-_2000_-_SNK_Corporation.pdf": {"hash": "9f2c1c53ee5a354779d64487c253d43d", "size": 13951968, "tags": [22, 42, 43, 42], "url": "https://archive.org/download/mister-manuals-db-poc2/NEOGEO/Neo-Geo%20Game%20Manuals%20DB/Garou_-_Mark_of_the_Wolves_-_2000_-_SNK_Corporation.pdf"}, "|docs/NEOGEO/Neo-Geo Game Manuals DB/NAM-1975_-_1991_-_SNK_Corporation.pdf": {"hash": "badfb4165295d5432608fdca9f31d4e8", "size": 10660945, "tags": [22, 42, 43, 42], "url": "https://archive.org/download/mister-manuals-db-poc2/NEOGEO/Neo-Geo%20Game%20Manuals%20DB/NAM-1975_-_1991_-_SNK_Corporation.pdf"}, "|docs/NEOGEO/Neo-Geo Game Manuals DB/Robo_Army_-_1991_-_SNK_Corporation.pdf": {"hash": "b844260d4c93aa1daad1276e11faddff", "size": 16607126, "tags": [22, 42, 43, 42], "url": "https://archive.org/download/mister-manuals-db-poc2/NEOGEO/Neo-Geo%20Game%20Manuals%20DB/Robo_Army_-_1991_-_SNK_Corporation.pdf"}, "|docs/NEOGEO/Neo-Geo Game Manuals DB/Sengoku_2_-_1993_-_SNK_Corporation.pdf": {"hash": "5a247050b6b4179b137c4b9c3e12d463", "size": 22676559, "tags": [22, 42, 43, 42], "url": "https://archive.org/download/mister-manuals-db-poc2/NEOGEO/Neo-Geo%20Game%20Manuals%20DB/Sengoku_2_-_1993_-_SNK_Corporation.pdf"}, "|docs/NEOGEO/Neo-Geo Game Manuals DB/Sengoku_3_-_2001_-_SNK_Corporation.pdf": {"hash": "d03d97fad8fdb561d23c533382951d1b", "size": 14380958, "tags": [22, 42, 43, 42], "url": "https://archive.org/download/mister-manuals-db-poc2/NEOGEO/Neo-Geo%20Game%20Manuals%20DB/Sengoku_3_-_2001_-_SNK_Corporation.pdf"}, "|docs/ODYSSEY2/Odyssey 2 Game Manuals DB/Alien_Invaders_-_Plus_-_1980_-_Magnavox.pdf": {"hash": "61a4c60b415e2162dd846333e1a7f82e", "size": 9078, "tags": [22, 44, 45, 44], "url": "https://archive.org/download/mister-manuals-db-poc2/ODYSSEY2/Odyssey%202%20Game%20Manuals%20DB/Alien_Invaders_-_Plus_-_1980_-_Magnavox.pdf"}, "|docs/ODYSSEY2/Odyssey 2 Game Manuals DB/Alpine_Skiiing_-_1979_-_Magnavox.pdf": {"hash": "bb69a332b3e8abf22ddcf35bcbf453f3", "size": 11433, "tags": [22, 44, 45, 44], "url": "https://archive.org/download/mister-manuals-db-poc2/ODYSSEY2/Odyssey%202%20Game%20Manuals%20DB/Alpine_Skiiing_-_1979_-_Magnavox.pdf"}, "|docs/ODYSSEY2/Odyssey 2 Game Manuals DB/Armored_Encounter_-_1978_-_Magnavox.pdf": {"hash": "002f0f27ae43068b085da61d09e0c983", "size": 315303, "tags": [22, 44, 45, 44], "url": "https://archive.org/download/mister-manuals-db-poc2/ODYSSEY2/Odyssey%202%20Game%20Manuals%20DB/Armored_Encounter_-_1978_-_Magnavox.pdf"}, "|docs/ODYSSEY2/Odyssey 2 Game Manuals DB/Atlantis_-_1983_-_Imagic.pdf": {"hash": "c6a80bcf6a1398770cee2fe882ee76f5", "size": 14145, "tags": [22, 44, 45, 44], "url": "https://archive.org/download/mister-manuals-db-poc2/ODYSSEY2/Odyssey%202%20Game%20Manuals%20DB/Atlantis_-_1983_-_Imagic.pdf"}, "|docs/ODYSSEY2/Odyssey 2 Game Manuals DB/Baseball!_-_1978_-_Magnavox.pdf": {"hash": "f24ba15ec80817843cc74798e919a4c1", "size": 10356, "tags": [22, 44, 45, 44], "url": "https://archive.org/download/mister-manuals-db-poc2/ODYSSEY2/Odyssey%202%20Game%20Manuals%20DB/Baseball%21_-_1978_-_Magnavox.pdf"}, "|docs/ODYSSEY2/Odyssey 2 Game Manuals DB/Basketball!_-_1978_-_Magnavox.pdf": {"hash": "0fd7b528b9a4e014a2353e503662508e", "size": 11293, "tags": [22, 44, 45, 44], "url": "https://archive.org/download/mister-manuals-db-poc2/ODYSSEY2/Odyssey%202%20Game%20Manuals%20DB/Basketball%21_-_1978_-_Magnavox.pdf"}, "|docs/ODYSSEY2/Odyssey 2 Game Manuals DB/Bowling!_-_1978_-_Magnavox.pdf": {"hash": "528bc21bde5c2ccab8191140be79d888", "size": 11290, "tags": [22, 44, 45, 44], "url": "https://archive.org/download/mister-manuals-db-poc2/ODYSSEY2/Odyssey%202%20Game%20Manuals%20DB/Bowling%21_-_1978_-_Magnavox.pdf"}, "|docs/ODYSSEY2/Odyssey 2 Game Manuals DB/Chinese_Logic_-_1980_-_Magnavox.pdf": {"hash": "76a5a33f2c09926c2e4508169f0f71e3", "size": 77492, "tags": [22, 44, 45, 44], "url": "https://archive.org/download/mister-manuals-db-poc2/ODYSSEY2/Odyssey%202%20Game%20Manuals%20DB/Chinese_Logic_-_1980_-_Magnavox.pdf"}, "|docs/ODYSSEY2/Odyssey 2 Game Manuals DB/Computer_Golf!_-_1978_-_Magnavox.pdf": {"hash": "8bcb7ca776bd35b5ac9c71fba45ef7be", "size": 11918, "tags": [22, 44, 45, 44], "url": "https://archive.org/download/mister-manuals-db-poc2/ODYSSEY2/Odyssey%202%20Game%20Manuals%20DB/Computer_Golf%21_-_1978_-_Magnavox.pdf"}, "|docs/ODYSSEY2/Odyssey 2 Game Manuals DB/Conquest_of_the_World_-_1981_-_Philips.pdf": {"hash": "071e140167d10483a5b314a03c35159d", "size": 103673, "tags": [22, 44, 45, 44], "url": "https://archive.org/download/mister-manuals-db-poc2/ODYSSEY2/Odyssey%202%20Game%20Manuals%20DB/Conquest_of_the_World_-_1981_-_Philips.pdf"}, "|docs/ODYSSEY2/Odyssey 2 Game Manuals DB/Cosmic_Conflict!_-_1978_-_Magnavox.pdf": {"hash": "160582d3024fe6b8a08f543a9facf3b3", "size": 10289, "tags": [22, 44, 45, 44], "url": "https://archive.org/download/mister-manuals-db-poc2/ODYSSEY2/Odyssey%202%20Game%20Manuals%20DB/Cosmic_Conflict%21_-_1978_-_Magnavox.pdf"}, "|docs/ODYSSEY2/Odyssey 2 Game Manuals DB/Demon_Attack_-_1983_-_Imagic.pdf": {"hash": "497bca5da006c8554860a6ef8d262cfc", "size": 18931, "tags": [22, 44, 45, 44], "url": "https://archive.org/download/mister-manuals-db-poc2/ODYSSEY2/Odyssey%202%20Game%20Manuals%20DB/Demon_Attack_-_1983_-_Imagic.pdf"}, "|docs/ODYSSEY2/Odyssey 2 Game Manuals DB/Dynasty!_-_1979_-_Magnavox.pdf": {"hash": "ad62bcb0d4782ef012aa471f040cc749", "size": 12478, "tags": [22, 44, 45, 44], "url": "https://archive.org/download/mister-manuals-db-poc2/ODYSSEY2/Odyssey%202%20Game%20Manuals%20DB/Dynasty%21_-_1979_-_Magnavox.pdf"}, "|docs/ODYSSEY2/Odyssey 2 Game Manuals DB/Football!_-_1978_-_Magnavox.pdf": {"hash": "2c9bb34f5b6535d9fe61a5e4fad82a11", "size": 161498, "tags": [22, 44, 45, 44], "url": "https://archive.org/download/mister-manuals-db-poc2/ODYSSEY2/Odyssey%202%20Game%20Manuals%20DB/Football%21_-_1978_-_Magnavox.pdf"}, "|docs/ODYSSEY2/Odyssey 2 Game Manuals DB/Freedom_Fighters_-_1982_-_Philips.pdf": {"hash": "3b0c0dc5bb0ce650d2270938ba0c4373", "size": 15072, "tags": [22, 44, 45, 44], "url": "https://archive.org/download/mister-manuals-db-poc2/ODYSSEY2/Odyssey%202%20Game%20Manuals%20DB/Freedom_Fighters_-_1982_-_Philips.pdf"}, "|docs/ODYSSEY2/Odyssey 2 Game Manuals DB/Hockey!_-_Soccer!_-_1979_-_Magnavox.pdf": {"hash": "33b401ab7f6501193877cc9c7f87f041", "size": 11032, "tags": [22, 44, 45, 44], "url": "https://archive.org/download/mister-manuals-db-poc2/ODYSSEY2/Odyssey%202%20Game%20Manuals%20DB/Hockey%21_-_Soccer%21_-_1979_-_Magnavox.pdf"}, "|docs/ODYSSEY2/Odyssey 2 Game Manuals DB/Invaders_from_Hyperspace!_-_1979_-_Magnavox.pdf": {"hash": "99380c5babfa7dbeea77c4fad5142470", "size": 11236, "tags": [22, 44, 45, 44], "url": "https://archive.org/download/mister-manuals-db-poc2/ODYSSEY2/Odyssey%202%20Game%20Manuals%20DB/Invaders_from_Hyperspace%21_-_1979_-_Magnavox.pdf"}, "|docs/ODYSSEY2/Odyssey 2 Game Manuals DB/K.C.-s_Krazy_Chase_-_1982_-_Magnavox.pdf": {"hash": "47e88d7f7d900adcc7098f8f35f1e3dd", "size": 14369, "tags": [22, 44, 45, 44], "url": "https://archive.org/download/mister-manuals-db-poc2/ODYSSEY2/Odyssey%202%20Game%20Manuals%20DB/K.C.-s_Krazy_Chase_-_1982_-_Magnavox.pdf"}, "|docs/ODYSSEY2/Odyssey 2 Game Manuals DB/K.C._Munchkin_-_1981_-_Magnavox.pdf": {"hash": "be6cd5c1ccd788d1581e3335096a53fb", "size": 15352, "tags": [22, 44, 45, 44], "url": "https://archive.org/download/mister-manuals-db-poc2/ODYSSEY2/Odyssey%202%20Game%20Manuals%20DB/K.C._Munchkin_-_1981_-_Magnavox.pdf"}, "|docs/ODYSSEY2/Odyssey 2 Game Manuals DB/Las_Vegas_Blackjack_-_1978_-_Magnavox.pdf": {"hash": "40dbac19f85c04334abe2dddcc044762", "size": 91984, "tags": [22, 44, 45, 44], "url": "https://archive.org/download/mister-manuals-db-poc2/ODYSSEY2/Odyssey%202%20Game%20Manuals%20DB/Las_Vegas_Blackjack_-_1978_-_Magnavox.pdf"}, "|docs/ODYSSEY2/Odyssey 2 Game Manuals DB/Monkeyshines!_-_1981_-_Magnavox.pdf": {"hash": "511b0e982116a7ce44efd4841711b845", "size": 19791, "tags": [22, 44, 45, 44], "url": "https://archive.org/download/mister-manuals-db-poc2/ODYSSEY2/Odyssey%202%20Game%20Manuals%20DB/Monkeyshines%21_-_1981_-_Magnavox.pdf"}, "|docs/ODYSSEY2/Odyssey 2 Game Manuals DB/Nightmare_-_1983_-_Philips.pdf": {"hash": "5f993cf493f1e97d1f8c0d2e0e8d0ed4", "size": 276725, "tags": [22, 44, 45, 44], "url": "https://archive.org/download/mister-manuals-db-poc2/ODYSSEY2/Odyssey%202%20Game%20Manuals%20DB/Nightmare_-_1983_-_Philips.pdf"}, "|docs/ODYSSEY2/Odyssey 2 Game Manuals DB/P.T._Barnum-s_Acrobats_-_1982_-_Philips.pdf": {"hash": "70a46535a289c18a91810c6096a97aed", "size": 17613, "tags": [22, 44, 45, 44], "url": "https://archive.org/download/mister-manuals-db-poc2/ODYSSEY2/Odyssey%202%20Game%20Manuals%20DB/P.T._Barnum-s_Acrobats_-_1982_-_Philips.pdf"}, "|docs/ODYSSEY2/Odyssey 2 Game Manuals DB/Pick_Axe_Pete_-_1982_-_Magnavox.pdf": {"hash": "37f91dabf8c6926703ba2b92e5399d88", "size": 195789, "tags": [22, 44, 45, 44], "url": "https://archive.org/download/mister-manuals-db-poc2/ODYSSEY2/Odyssey%202%20Game%20Manuals%20DB/Pick_Axe_Pete_-_1982_-_Magnavox.pdf"}, "|docs/ODYSSEY2/Odyssey 2 Game Manuals DB/Pocket_Billards!_-_1980_-_Magnavox.pdf": {"hash": "6b784522ada24af0c4f9eb05924b1a41", "size": 9087, "tags": [22, 44, 45, 44], "url": "https://archive.org/download/mister-manuals-db-poc2/ODYSSEY2/Odyssey%202%20Game%20Manuals%20DB/Pocket_Billards%21_-_1980_-_Magnavox.pdf"}, "|docs/ODYSSEY2/Odyssey 2 Game Manuals DB/Powerlords_-_1983_-_Magnavox.pdf": {"hash": "986cdb6db6021b20281ba9406117f44b", "size": 9021, "tags": [22, 44, 45, 44], "url": "https://archive.org/download/mister-manuals-db-poc2/ODYSSEY2/Odyssey%202%20Game%20Manuals%20DB/Powerlords_-_1983_-_Magnavox.pdf"}, "|docs/ODYSSEY2/Odyssey 2 Game Manuals DB/Smithereens!_-_1981_-_Magnavox.pdf": {"hash": "6947cff01099c87252a48f1326be2ea1", "size": 10527, "tags": [22, 44, 45, 44], "url": "https://archive.org/download/mister-manuals-db-poc2/ODYSSEY2/Odyssey%202%20Game%20Manuals%20DB/Smithereens%21_-_1981_-_Magnavox.pdf"}, "|docs/ODYSSEY2/Odyssey 2 Game Manuals DB/Subchase_-_1978_-_Magnavox.pdf": {"hash": "6d831eb5fa42ff5b9f1779cb04b049ae", "size": 315294, "tags": [22, 44, 45, 44], "url": "https://archive.org/download/mister-manuals-db-poc2/ODYSSEY2/Odyssey%202%20Game%20Manuals%20DB/Subchase_-_1978_-_Magnavox.pdf"}, "|docs/ODYSSEY2/Odyssey 2 Game Manuals DB/The_Great_Wall_Street_Fortune_Hunt_-_1982_-_Philips.pdf": {"hash": "8f5ce4c4db6b3816312df4746253aca3", "size": 138618, "tags": [22, 44, 45, 44], "url": "https://archive.org/download/mister-manuals-db-poc2/ODYSSEY2/Odyssey%202%20Game%20Manuals%20DB/The_Great_Wall_Street_Fortune_Hunt_-_1982_-_Philips.pdf"}, "|docs/ODYSSEY2/Odyssey 2 Game Manuals DB/The_Quest_for_the_Rings_-_1981_-_Magnavox.pdf": {"hash": "cda22c190a5fff6ac105b06cc87a623b", "size": 67871, "tags": [22, 44, 45, 44], "url": "https://archive.org/download/mister-manuals-db-poc2/ODYSSEY2/Odyssey%202%20Game%20Manuals%20DB/The_Quest_for_the_Rings_-_1981_-_Magnavox.pdf"}, "|docs/ODYSSEY2/Odyssey 2 Game Manuals DB/Turtles_-_1982_-_Magnavox.pdf": {"hash": "d92d80a7fc4497bac81cf60deec1706c", "size": 167822, "tags": [22, 44, 45, 44], "url": "https://archive.org/download/mister-manuals-db-poc2/ODYSSEY2/Odyssey%202%20Game%20Manuals%20DB/Turtles_-_1982_-_Magnavox.pdf"}, "|docs/ODYSSEY2/Odyssey 2 Game Manuals DB/UFO_-_1982_-_Magnavox.pdf": {"hash": "7d603ce060aa17c9f4d44079882b2add", "size": 12457, "tags": [22, 44, 45, 44], "url": "https://archive.org/download/mister-manuals-db-poc2/ODYSSEY2/Odyssey%202%20Game%20Manuals%20DB/UFO_-_1982_-_Magnavox.pdf"}, "|docs/ODYSSEY2/Odyssey 2 Game Manuals DB/Volleyball!_-_1980_-_Magnavox.pdf": {"hash": "522fc88cad67e683914dc44fd922c2bb", "size": 8698, "tags": [22, 44, 45, 44], "url": "https://archive.org/download/mister-manuals-db-poc2/ODYSSEY2/Odyssey%202%20Game%20Manuals%20DB/Volleyball%21_-_1980_-_Magnavox.pdf"}, "|docs/ODYSSEY2/Odyssey 2 Game Manuals DB/War_of_Nerves_-_1979_-_Magnavox.pdf": {"hash": "e5ab19ae1ab064348813f104e400757c", "size": 9844, "tags": [22, 44, 45, 44], "url": "https://archive.org/download/mister-manuals-db-poc2/ODYSSEY2/Odyssey%202%20Game%20Manuals%20DB/War_of_Nerves_-_1979_-_Magnavox.pdf"}, "|docs/RX78/RX-78 Game Manuals DB/ABC Word Game - Manual (Compressed).pdf": {"hash": "085eb0e430563d2f9c48ab0912e38e8d", "size": 4696858, "tags": [22, 46, 47, 46], "url": "https://archive.org/download/mister-manuals-db-poc2/RX78/RX-78%20Game%20Manuals%20DB/ABC%20Word%20Game%20-%20Manual%20%28Compressed%29.pdf"}, "|docs/RX78/RX-78 Game Manuals DB/Champion Racer - Manual (Compressed).pdf": {"hash": "6080350d6216e9359e924ba45f2b9e17", "size": 3951571, "tags": [22, 46, 47, 46], "url": "https://archive.org/download/mister-manuals-db-poc2/RX78/RX-78%20Game%20Manuals%20DB/Champion%20Racer%20-%20Manual%20%28Compressed%29.pdf"}, "|docs/RX78/RX-78 Game Manuals DB/Creative Graphics - Manual (Compressed).pdf": {"hash": "7e018dab051d1052df2bbaa3ea6e2b3a", "size": 9591860, "tags": [22, 46, 47, 46], "url": "https://archive.org/download/mister-manuals-db-poc2/RX78/RX-78%20Game%20Manuals%20DB/Creative%20Graphics%20-%20Manual%20%28Compressed%29.pdf"}, "|docs/RX78/RX-78 Game Manuals DB/Excite Baseball - Manual (Compressed).pdf": {"hash": "22a63505a77f2ef6d1e0c60fde297754", "size": 4643239, "tags": [22, 46, 47, 46], "url": "https://archive.org/download/mister-manuals-db-poc2/RX78/RX-78%20Game%20Manuals%20DB/Excite%20Baseball%20-%20Manual%20%28Compressed%29.pdf"}, "|docs/RX78/RX-78 Game Manuals DB/Excite Tennis - Manual (Compressed).pdf": {"hash": "186d9aae48ee303761bc142b518097e4", "size": 2875957, "tags": [22, 46, 47, 46], "url": "https://archive.org/download/mister-manuals-db-poc2/RX78/RX-78%20Game%20Manuals%20DB/Excite%20Tennis%20-%20Manual%20%28Compressed%29.pdf"}, "|docs/RX78/RX-78 Game Manuals DB/Graphic Sugaku - Manual (Compressed).pdf": {"hash": "12832cb251de3b21546a8a69434ff8d6", "size": 1590022, "tags": [22, 46, 47, 46], "url": "https://archive.org/download/mister-manuals-db-poc2/RX78/RX-78%20Game%20Manuals%20DB/Graphic%20Sugaku%20-%20Manual%20%28Compressed%29.pdf"}, "|docs/RX78/RX-78 Game Manuals DB/Hamburger Shop - Manual (Compressed).pdf": {"hash": "d31823c8f83b939e59f2e808d2aa121a", "size": 3291347, "tags": [22, 46, 47, 46], "url": "https://archive.org/download/mister-manuals-db-poc2/RX78/RX-78%20Game%20Manuals%20DB/Hamburger%20Shop%20-%20Manual%20%28Compressed%29.pdf"}, "|docs/RX78/RX-78 Game Manuals DB/Mobile Suit Gundam - Luna Two no Tatakai - Manual (Compressed).pdf": {"hash": "22941d044609d0b4ac8f55ce414975a3", "size": 3039502, "tags": [22, 46, 47, 46], "url": "https://archive.org/download/mister-manuals-db-poc2/RX78/RX-78%20Game%20Manuals%20DB/Mobile%20Suit%20Gundam%20-%20Luna%20Two%20no%20Tatakai%20-%20Manual%20%28Compressed%29.pdf"}, "|docs/RX78/RX-78 Game Manuals DB/Perfect Mah-Jongg - Manual (Compressed).pdf": {"hash": "c27214e861c3489b9b917c04cc889f69", "size": 6207146, "tags": [22, 46, 47, 46], "url": "https://archive.org/download/mister-manuals-db-poc2/RX78/RX-78%20Game%20Manuals%20DB/Perfect%20Mah-Jongg%20-%20Manual%20%28Compressed%29.pdf"}, "|docs/RX78/RX-78 Game Manuals DB/Sekigahara - Manual (Compressed).pdf": {"hash": "527a79f6c5a84ac2523d0924c49d7946", "size": 6804883, "tags": [22, 46, 47, 46], "url": "https://archive.org/download/mister-manuals-db-poc2/RX78/RX-78%20Game%20Manuals%20DB/Sekigahara%20-%20Manual%20%28Compressed%29.pdf"}, "|docs/RX78/RX-78 Game Manuals DB/Space Enemy - Manual (Compressed).pdf": {"hash": "2c04021dfae5dfe440df80a064c94df2", "size": 2834970, "tags": [22, 46, 47, 46], "url": "https://archive.org/download/mister-manuals-db-poc2/RX78/RX-78%20Game%20Manuals%20DB/Space%20Enemy%20-%20Manual%20%28Compressed%29.pdf"}, "|docs/RX78/RX-78 Game Manuals DB/Super Motocross - Manual (Compressed).pdf": {"hash": "d51ef75e3f069602d28f283923f6ed40", "size": 4024355, "tags": [22, 46, 47, 46], "url": "https://archive.org/download/mister-manuals-db-poc2/RX78/RX-78%20Game%20Manuals%20DB/Super%20Motocross%20-%20Manual%20%28Compressed%29.pdf"}, "|docs/RX78/RX-78 Game Manuals DB/Tatakae! Ultraman - Manual (Compressed).pdf": {"hash": "59076ce73ef31c9f8aebc6cf4ff9e98f", "size": 3340158, "tags": [22, 46, 47, 46], "url": "https://archive.org/download/mister-manuals-db-poc2/RX78/RX-78%20Game%20Manuals%20DB/Tatakae%21%20Ultraman%20-%20Manual%20%28Compressed%29.pdf"}, "|docs/RX78/RX-78 Game Manuals DB/The Pro-Wrestling - Manual (Compressed).pdf": {"hash": "d7210803b2af5ae44d2386fae9f17949", "size": 3775840, "tags": [22, 46, 47, 46], "url": "https://archive.org/download/mister-manuals-db-poc2/RX78/RX-78%20Game%20Manuals%20DB/The%20Pro-Wrestling%20-%20Manual%20%28Compressed%29.pdf"}, "|docs/RX78/RX-78 Game Manuals DB/Yellow Cab - Manual.pdf": {"hash": "6714f4e022f650c5c912e0d033b8ab9c", "size": 1512205, "tags": [22, 46, 47, 46], "url": "https://archive.org/download/mister-manuals-db-poc2/RX78/RX-78%20Game%20Manuals%20DB/Yellow%20Cab%20-%20Manual.pdf"}, "|docs/RX78/RX-78 Game Manuals DB/Zerosen - Manual (Compressed).pdf": {"hash": "7478859e6d28cc97cf2b9885059bd338", "size": 2903757, "tags": [22, 46, 47, 46], "url": "https://archive.org/download/mister-manuals-db-poc2/RX78/RX-78%20Game%20Manuals%20DB/Zerosen%20-%20Manual%20%28Compressed%29.pdf"}, "|docs/SCV/Super Cassette Vision Game Manuals DB/Comic Circus (Epoch Super Cassette Vision) - Manual.pdf": {"hash": "d0f1b5d4c8e961da96e6ee90c858ea9f", "size": 10686075, "tags": [22, 48, 49, 48], "url": "https://archive.org/download/mister-manuals-db-poc2/SCV/Super%20Cassette%20Vision%20Game%20Manuals%20DB/Comic%20Circus%20%28Epoch%20Super%20Cassette%20Vision%29%20-%20Manual.pdf"}, "|docs/SCV/Super Cassette Vision Game Manuals DB/Milky Princess (Epoch Super Cassette Vision) - Manual.pdf": {"hash": "939ed75bcba33f076321e5beb822f543", "size": 15265118, "tags": [22, 48, 49, 48], "url": "https://archive.org/download/mister-manuals-db-poc2/SCV/Super%20Cassette%20Vision%20Game%20Manuals%20DB/Milky%20Princess%20%28Epoch%20Super%20Cassette%20Vision%29%20-%20Manual.pdf"}, "|docs/SMS/SG-1000 Game Manuals DB/Castle_-_1986_-_Sega.pdf": {"hash": "21241d2326815bef3fc5b6605e983f0d", "size": 2842785, "tags": [6, 22, 50, 6], "url": "https://archive.org/download/mister-manuals-db-poc2/SMS/SG-1000%20Game%20Manuals%20DB/Castle_-_1986_-_Sega.pdf"}, "|docs/SMS/SG-1000 Game Manuals DB/Champion_Golf_-_1983_-_Sega.pdf": {"hash": "e3cab208a5bc1755691d7f92cf42bc8c", "size": 213691, "tags": [6, 22, 50, 6], "url": "https://archive.org/download/mister-manuals-db-poc2/SMS/SG-1000%20Game%20Manuals%20DB/Champion_Golf_-_1983_-_Sega.pdf"}, "|docs/SMS/SG-1000 Game Manuals DB/Zippy_Race_-_1983_-_Irem.pdf": {"hash": "d365296e4793fbb58571c95fa8d85c27", "size": 18973111, "tags": [6, 22, 50, 6], "url": "https://archive.org/download/mister-manuals-db-poc2/SMS/SG-1000%20Game%20Manuals%20DB/Zippy_Race_-_1983_-_Irem.pdf"}, "|docs/TGFX16/PC Engine Game Manuals DB/Legend_of_Hero_Tonma_-_1991_-_Irem.pdf": {"hash": "b811576908c5bf0201a91f5a28dcbe5f", "size": 1709886, "tags": [2, 22, 51, 2], "url": "https://archive.org/download/mister-manuals-db-poc2/TGFX16/PC%20Engine%20Game%20Manuals%20DB/Legend_of_Hero_Tonma_-_1991_-_Irem.pdf"}, "|docs/TGFX16/PC Engine Game Manuals DB/The_Ninja_Warriors_-_1989_-_Taito_Corporation.pdf": {"hash": "c2d7cb6d61b505a49bcec5533edd7e12", "size": 1718248, "tags": [2, 22, 51, 2], "url": "https://archive.org/download/mister-manuals-db-poc2/TGFX16/PC%20Engine%20Game%20Manuals%20DB/The_Ninja_Warriors_-_1989_-_Taito_Corporation.pdf"}, "|docs/TGFX16/TurboGrafx CD Game Manuals DB/Bonk_3-_Bonk-s_Big_Adventure_-_1993_-_NEC_Corporation.pdf": {"hash": "a2aac4b0737695473c4420875965d1d0", "size": 3810669, "tags": [2, 22, 52, 2], "url": "https://archive.org/download/mister-manuals-db-poc2/TGFX16/TurboGrafx%20CD%20Game%20Manuals%20DB/Bonk_3-_Bonk-s_Big_Adventure_-_1993_-_NEC_Corporation.pdf"}, "|docs/TomyScramble/Tomy Scramble Manual.pdf": {"hash": "8beb6225e7dce2218590a3b8905b6965", "size": 792509, "tags": [22, 53, 53], "url": "https://archive.org/download/mister-manuals-db-poc2/TomyScramble/Tomy%20Scramble%20Manual.pdf"}, "|docs/VIC20/VIC-20 Game Manuals DB/Alphabet_Zoo_-_1983_-_Spinnaker_Software.pdf": {"hash": "993c3030424ff2f91bc27f58d59ecd61", "size": 2177701, "tags": [22, 54, 55, 54], "url": "https://archive.org/download/mister-manuals-db-poc2/VIC20/VIC-20%20Game%20Manuals%20DB/Alphabet_Zoo_-_1983_-_Spinnaker_Software.pdf"}, "|docs/VIC20/VIC-20 Game Manuals DB/Avenger_-_1981_-_Commodore_Electronics_Ltd..pdf": {"hash": "0b81ecc12510a49f6d4c31e3f3e214df", "size": 772355, "tags": [22, 54, 55, 54], "url": "https://archive.org/download/mister-manuals-db-poc2/VIC20/VIC-20%20Game%20Manuals%20DB/Avenger_-_1981_-_Commodore_Electronics_Ltd..pdf"}, "|docs/VIC20/VIC-20 Game Manuals DB/Cavern_Fighter_-_1982_-_Anirog_Software.pdf": {"hash": "5c92683861710b10da2a0f5293219f2c", "size": 181387, "tags": [22, 54, 55, 54], "url": "https://archive.org/download/mister-manuals-db-poc2/VIC20/VIC-20%20Game%20Manuals%20DB/Cavern_Fighter_-_1982_-_Anirog_Software.pdf"}, "|docs/VIC20/VIC-20 Game Manuals DB/Clowns_-_1982_-_Commodore_Electronics_Ltd..pdf": {"hash": "2154118ae072c7c696a4a9fe461266d7", "size": 179280, "tags": [22, 54, 55, 54], "url": "https://archive.org/download/mister-manuals-db-poc2/VIC20/VIC-20%20Game%20Manuals%20DB/Clowns_-_1982_-_Commodore_Electronics_Ltd..pdf"}, "|docs/VIC20/VIC-20 Game Manuals DB/Demon_Attack_-_1983_-_Imagic.pdf": {"hash": "0b617058769964be7034d65664d85015", "size": 1830577, "tags": [22, 54, 55, 54], "url": "https://archive.org/download/mister-manuals-db-poc2/VIC20/VIC-20%20Game%20Manuals%20DB/Demon_Attack_-_1983_-_Imagic.pdf"}, "|docs/VIC20/VIC-20 Game Manuals DB/Frogger_-_1983_-_Parker_Brothers.pdf": {"hash": "aae56e10396974c52afce401f1b93130", "size": 474105, "tags": [22, 54, 55, 54], "url": "https://archive.org/download/mister-manuals-db-poc2/VIC20/VIC-20%20Game%20Manuals%20DB/Frogger_-_1983_-_Parker_Brothers.pdf"}, "|docs/VIC20/VIC-20 Game Manuals DB/Gorf_-_1982_-_Commodore_Electronics_Ltd..pdf": {"hash": "15812fa1790baf9e39eda75788fcc11b", "size": 1502008, "tags": [22, 54, 55, 54], "url": "https://archive.org/download/mister-manuals-db-poc2/VIC20/VIC-20%20Game%20Manuals%20DB/Gorf_-_1982_-_Commodore_Electronics_Ltd..pdf"}, "|docs/VIC20/VIC-20 Game Manuals DB/Grid_Runner_-_1983_-_Human_Engineered_Software.pdf": {"hash": "0489a239824a58a5dc9751a361793358", "size": 664829, "tags": [22, 54, 55, 54], "url": "https://archive.org/download/mister-manuals-db-poc2/VIC20/VIC-20%20Game%20Manuals%20DB/Grid_Runner_-_1983_-_Human_Engineered_Software.pdf"}, "|docs/VIC20/VIC-20 Game Manuals DB/Jupiter_Lander_-_1981_-_Commodore_Electronics_Ltd..pdf": {"hash": "ab9f9bf72401bbd18a3c9003f908b6cd", "size": 1061409, "tags": [22, 54, 55, 54], "url": "https://archive.org/download/mister-manuals-db-poc2/VIC20/VIC-20%20Game%20Manuals%20DB/Jupiter_Lander_-_1981_-_Commodore_Electronics_Ltd..pdf"}, "|docs/VIC20/VIC-20 Game Manuals DB/Kwazy_Kwaks_-_1984_-_Mr._Chip_Software.pdf": {"hash": "4ac6e36a3d6f7395c2f501a03fd0574f", "size": 212135, "tags": [22, 54, 55, 54], "url": "https://archive.org/download/mister-manuals-db-poc2/VIC20/VIC-20%20Game%20Manuals%20DB/Kwazy_Kwaks_-_1984_-_Mr._Chip_Software.pdf"}, "|docs/VIC20/VIC-20 Game Manuals DB/Matrix-_Gridrunner_2_-_1983_-_Hesware.pdf": {"hash": "9cbe56cd9392bb69e6b8fd60241c8967", "size": 664820, "tags": [22, 54, 55, 54], "url": "https://archive.org/download/mister-manuals-db-poc2/VIC20/VIC-20%20Game%20Manuals%20DB/Matrix-_Gridrunner_2_-_1983_-_Hesware.pdf"}, "|docs/VIC20/VIC-20 Game Manuals DB/Omega_Race_-_1982_-_Commodore_Electronics_Ltd..pdf": {"hash": "d86db4b0b0b789bedb435324de24da7b", "size": 797221, "tags": [22, 54, 55, 54], "url": "https://archive.org/download/mister-manuals-db-poc2/VIC20/VIC-20%20Game%20Manuals%20DB/Omega_Race_-_1982_-_Commodore_Electronics_Ltd..pdf"}, "|docs/VIC20/VIC-20 Game Manuals DB/Pirate_Adventure_-_1984_-_Adventure_International.pdf": {"hash": "d7022572c77433cd03add636572d8c7f", "size": 1522366, "tags": [22, 54, 55, 54], "url": "https://archive.org/download/mister-manuals-db-poc2/VIC20/VIC-20%20Game%20Manuals%20DB/Pirate_Adventure_-_1984_-_Adventure_International.pdf"}, "|docs/VIC20/VIC-20 Game Manuals DB/Q-bert_-_1983_-_Parker_Brothers.pdf": {"hash": "396867823f34f9e5fdf9a330bc40fd89", "size": 1128714, "tags": [22, 54, 55, 54], "url": "https://archive.org/download/mister-manuals-db-poc2/VIC20/VIC-20%20Game%20Manuals%20DB/Q-bert_-_1983_-_Parker_Brothers.pdf"}, "|docs/VIC20/VIC-20 Game Manuals DB/Seafox_-_1983_-_Br\u00f8derbund_Software.pdf": {"hash": "7ebe55259711b6cc00408dd51b2d9566", "size": 1039786, "tags": [22, 54, 55, 54], "url": "https://archive.org/download/mister-manuals-db-poc2/VIC20/VIC-20%20Game%20Manuals%20DB/Seafox_-_1983_-_Br%C3%B8derbund_Software.pdf"}, "|docs/VIC20/VIC-20 Game Manuals DB/Serpentine_-_1982_-_Creative_Software.pdf": {"hash": "3f7cfe706d128e2da705f157b6db4a98", "size": 240904, "tags": [22, 54, 55, 54], "url": "https://archive.org/download/mister-manuals-db-poc2/VIC20/VIC-20%20Game%20Manuals%20DB/Serpentine_-_1982_-_Creative_Software.pdf"}, "|docs/VIC20/VIC-20 Game Manuals DB/Shadowfax_-_1982_-_Postern.pdf": {"hash": "c1f4ec2561aeb947e15d23982b5562aa", "size": 1025783, "tags": [22, 54, 55, 54], "url": "https://archive.org/download/mister-manuals-db-poc2/VIC20/VIC-20%20Game%20Manuals%20DB/Shadowfax_-_1982_-_Postern.pdf"}, "|docs/VIC20/VIC-20 Game Manuals DB/Shamus_-_1982_-_Human_Engineered_Software.pdf": {"hash": "7163e75c314b31d001045691d30a9e15", "size": 1201903, "tags": [22, 54, 55, 54], "url": "https://archive.org/download/mister-manuals-db-poc2/VIC20/VIC-20%20Game%20Manuals%20DB/Shamus_-_1982_-_Human_Engineered_Software.pdf"}, "|docs/VIC20/VIC-20 Game Manuals DB/Traxx_-_1983_-_Llamasoft.pdf": {"hash": "74fc8fc017c5e24a4851b1c49cc39284", "size": 108931, "tags": [22, 54, 55, 54], "url": "https://archive.org/download/mister-manuals-db-poc2/VIC20/VIC-20%20Game%20Manuals%20DB/Traxx_-_1983_-_Llamasoft.pdf"}, "|docs/WonderSwan/Wonderswan Color Game Manuals DB/Mobile_Suit_Gundam-_Vol._2-_Jaburo_-_2001_-_Bandai.pdf": {"hash": "884db88175203ab77972f26f607d899a", "size": 8724140, "tags": [22, 56, 57, 56], "url": "https://archive.org/download/mister-manuals-db-poc2/WonderSwan/Wonderswan%20Color%20Game%20Manuals%20DB/Mobile_Suit_Gundam-_Vol._2-_Jaburo_-_2001_-_Bandai.pdf"}, "|docs/WonderSwan/Wonderswan Color Game Manuals DB/Mobile_Suit_Gundam-_Vol._3-_A_Baoa_Qu_-_2002_-_Bandai.pdf": {"hash": "03db2d05ca182b6dced47d3f73638b87", "size": 8557199, "tags": [22, 56, 57, 56], "url": "https://archive.org/download/mister-manuals-db-poc2/WonderSwan/Wonderswan%20Color%20Game%20Manuals%20DB/Mobile_Suit_Gundam-_Vol._3-_A_Baoa_Qu_-_2002_-_Bandai.pdf"}}, "folders": {"|docs": {"tags": [22]}, "|docs/AVision": {"tags": [22, 23]}, "|docs/AVision/Adventure Vision Game Manuals DB": {"tags": [22, 23]}, "|docs/AcornAtom": {"tags": [22, 25]}, "|docs/AcornAtom/Acorn Atom Game Manuals DB": {"tags": [22, 25]}, "|docs/Arcadia": {"tags": [22, 27]}, "|docs/Arcadia/Arcadia 2001 Game Manuals DB": {"tags": [22, 27]}, "|docs/Astrocade": {"tags": [22, 29]}, "|docs/Astrocade/Bally Astrocade Game Manuals DB": {"tags": [22, 29]}, "|docs/CD-i": {"tags": [22, 31]}, "|docs/CD-i/CDi Game Manuals DB": {"tags": [22, 31]}, "|docs/ChannelF": {"tags": [22, 33]}, "|docs/ChannelF/Channel F Game Manuals DB": {"tags": [22, 33]}, "|docs/CoCo2": {"tags": [22, 35]}, "|docs/CoCo2/Dragon 32-64 Game Manuals DB": {"tags": [22, 35]}, "|docs/CreatiVision": {"tags": [22, 37]}, "|docs/CreatiVision/CreatiVision Game Manuals DB": {"tags": [22, 37]}, "|docs/EpochGalaxyII": {"tags": [22, 39]}, "|docs/Jaguar": {"tags": [22, 40]}, "|docs/Jaguar/Jag CD Game Manuals DB": {"tags": [22, 40]}, "|docs/NEOGEO": {"tags": [22, 42]}, "|docs/NEOGEO/Neo-Geo Game Manuals DB": {"tags": [22, 42]}, "|docs/ODYSSEY2": {"tags": [22, 44]}, "|docs/ODYSSEY2/Odyssey 2 Game Manuals DB": {"tags": [22, 44]}, "|docs/RX78": {"tags": [22, 46]}, "|docs/RX78/RX-78 Game Manuals DB": {"tags": [22, 46]}, "|docs/SCV": {"tags": [22, 48]}, "|docs/SCV/Super Cassette Vision Game Manuals DB": {"tags": [22, 48]}, "|docs/SMS": {"tags": [6, 22]}, "|docs/SMS/SG-1000 Game Manuals DB": {"tags": [6, 22]}, "|docs/TGFX16": {"tags": [2, 22]}, "|docs/TGFX16/PC Engine Game Manuals DB": {"tags": [2, 22]}, "|docs/TGFX16/TurboGrafx CD Game Manuals DB": {"tags": [2, 22]}, "|docs/TomyScramble": {"tags": [22, 53]}, "|docs/VIC20": {"tags": [22, 54]}, "|docs/VIC20/VIC-20 Game Manuals DB": {"tags": [22, 54]}, "|docs/WonderSwan": {"tags": [22, 56]}, "|docs/WonderSwan/Wonderswan Color Game Manuals DB": {"tags": [22, 56]}}, "tag_dictionary": {"acornatom": 25, "acornatomgamemanualsdb": 26, "adventurevisiongamemanualsdb": 24, "arcadia": 27, "arcadia2001gamemanualsdb": 28, "astrocade": 29, "avision": 23, "ballyastrocadegamemanualsdb": 30, "cdi": 31, "cdigamemanualsdb": 32, "channelf": 33, "channelfgamemanualsdb": 34, "coco2": 35, "creativision": 37, "creativisiongamemanualsdb": 38, "docs": 22, "dragon3264gamemanualsdb": 36, "epochgalaxyii": 39, "jagcdgamemanualsdb": 41, "jaguar": 40, "mastersystem": 6, "neogeo": 42, "neogeogamemanualsdb": 43, "odyssey2": 44, "odyssey2gamemanualsdb": 45, "pcengine": 2, "pcenginegamemanualsdb": 51, "rx78": 46, "rx78gamemanualsdb": 47, "scv": 48, "segamark3": 6, "sg1000gamemanualsdb": 50, "sms": 6, "supercassettevisiongamemanualsdb": 49, "tgfx16": 2, "tomyscramble": 53, "turbografx": 2, "turbografx16": 2, "turbografxcdgamemanualsdb": 52, "vic20": 54, "vic20gamemanualsdb": 55, "wonderswan": 56, "wonderswancolorgamemanualsdb": 57}, "timestamp": 1755201353}